area_type,availability,location,size,society,total_sqft,bath,balcony,price
Super built-up  Area,19-Dec,Electronic City Phase II,2 BHK,Coomee ,1056,2,1,39.07
Plot  Area,Ready To Move,Chikka Tirupathi,4 Bedroom,Theanmp,2600,5,3,120
Built-up  Area,Ready To Move,Uttarahalli,3 BHK,,1440,2,3,62
,Ready To Move,Lingadheeranahalli,3 BHK,Soiewre,1521,3,1,95
Super built-up  Area,Ready To Move,,2 BHK,,1200,2,1,51
Super built-up  Area,Ready To Move,Whitefield,,DuenaTa,1170,2,1,38
Super built-up  Area,18-May,Old Airport Road,4 BHK,Jaades ,2732,4,,204
Super built-up  Area,Ready To Move,Rajaji Nagar,4 BHK,Brway G,3300,4,,600
Super built-up  Area,Ready To Move,Marathahalli,3 BHK,,1310,3,1,63.25
Plot  Area,Ready To Move,Gandhi Bazar,6 Bedroom,,1020,6,,370
,18-Feb,Whitefield,3 BHK,,1800,2,2,70
Plot  Area,Ready To Move,Whitefield,,Prrry M,2785,5,3,295
Super built-up  Area,Ready To Move,7th Phase JP Nagar,2 BHK,Shncyes,1000,2,1,38
,Ready To Move,Gottigere,2 BHK,,1100,2,2,40
Plot  Area,Ready To Move,Sarjapur,3 Bedroom,Skityer,2250,3,2,148
Super built-up  Area,Ready To Move,Mysore Road,2 BHK,PrntaEn,1175,2,2,73.5
Super built-up  Area,Ready To Move,Bisuvanahalli,3 BHK,Prityel,1180,3,2,48
Super built-up  Area,Ready To Move,,3 BHK,GrrvaGr,1540,3,3,60
Super built-up  Area,Ready To Move,Ramakrishnappa Layout,3 BHK,PeBayle,2770,4,2,290
Super built-up  Area,Ready To Move,Manayata Tech Park,2 BHK,,1100,2,2,48
,Ready To Move,Kengeri,,,600,1,1,15
Super built-up  Area,19-Dec,Binny Pete,3 BHK,She 2rk,1755,3,1,122
Plot  Area,Ready To Move,Thanisandra,4 Bedroom,Soitya ,2800,5,2,380
Super built-up  Area,Ready To Move,,3 BHK,,1767,3,1,103
Super built-up  Area,18-Nov, Thanisandra,1 RK,Bhe 2ko,510,1,0,25.25
,18-May,Mangammanapalya,3 BHK,,1250,3,2,56
Super built-up  Area,Ready To Move,Electronic City,2 BHK,Itelaa ,660,1,1,23.1
Built-up  Area,20-Dec,Whitefield,3 BHK,,1610,3,2,81
Super built-up  Area,17-Oct,Ramagondanahalli,2 BHK,ViistLa,1151,2,2,48.77
Super built-up  Area,Ready To Move,Electronic City,3 BHK,KBityo ,1025,2,1,47
Super built-up  Area,Ready To Move,Bisuvanahalli,3 BHK,Prityel,1075,2,1,35
Super built-up  Area,Ready To Move,Hebbal,3 BHK,Mahosya,1760,2,2,123
Super built-up  Area,Ready To Move,Raja Rajeshwari Nagar,3 BHK,GrrvaGr,1693,3,3,57.39
Built-up  Area,Ready To Move,Kasturi Nagar,3 BHK,Kantsce,1925,3,,125
Super built-up  Area,21-Dec,Kanakpura Road,2 BHK,PrarePa,700,2,1,36
Super built-up  Area,Ready To Move,Electronics City Phase 1,2 BHK,,1070,2,1,45.5
Super built-up  Area,Ready To Move,Kundalahalli,3 BHK,Dieldli,1724,3,2,125
Super built-up  Area,Ready To Move,Chikkalasandra,3 BHK,,1290,2,2,56.12
Built-up  Area,Ready To Move,Uttarahalli,2 BHK,,1143,2,2,45
Built-up  Area,Ready To Move,Murugeshpalya,2 BHK,Gentson,1296,2,,81
Super built-up  Area,19-Dec,Sarjapur  Road,3 BHK,Soini T,1254,3,2,38
Super built-up  Area,Ready To Move,Ganga Nagar,1 BHK,Ceove G,600,1,0,38
Plot  Area,Ready To Move,Yelahanka,1 Bedroom,,660,1,0,48
Plot  Area,Ready To Move,HSR Layout,8 Bedroom,,600,9,,200
Super built-up  Area,Ready To Move,Doddathoguru,2 BHK,LancyRe,970,2,0,33
Super built-up  Area,20-Sep,Whitefield,2 BHK,Goted U,1459,2,1,94.82
Plot  Area,Ready To Move,KR Puram,2 Bedroom,,800,1,1,130
Built-up  Area,Ready To Move,Himagiri Meadows,2 BHK,,869,2,1,36
Super built-up  Area,Ready To Move,Adarsh Nagar,2 BHK,Bhncyis,1270,2,1,50
Super built-up  Area,18-Mar,Bhoganhalli,3 BHK,Rosha I,1670,3,1,99
Built-up  Area,Ready To Move,Whitefield,3 BHK,Suent V,2010,3,2,91
Super built-up  Area,Ready To Move,Lakshminarayana Pura,2 BHK,RothaVa,1185,2,2,75
Super built-up  Area,Ready To Move,Yelahanka,3 BHK,NCowsar,1600,2,3,75
Super built-up  Area,Ready To Move,Begur Road,2 BHK,Dhalsh ,1200,2,2,44
Super built-up  Area,Ready To Move,Ramakrishnappa Layout,2 BHK,PeBayle,1500,2,2,185
Plot  Area,Ready To Move,Murugeshpalya,6 Bedroom,,1407,4,1,150
Super built-up  Area,Ready To Move,Govindaraja Nagar Ward,2 BHK,,840,2,2,45
Plot  Area,Ready To Move,Tharabanahalli,3 Bedroom,,4395,3,2,240
Super built-up  Area,Ready To Move,Ganga Nagar,2 BHK,Laavevi,845,2,1,55
Plot  Area,Ready To Move,Whitefield,4 Bedroom,Chranya,5700,5,3,650
Built-up  Area,Ready To Move,Varthur,2 BHK,HioraTr,1160,2,2,44
Built-up  Area,Ready To Move,Bommanahalli,8 Bedroom,,3000,8,0,140
Super built-up  Area,Ready To Move,Doddathoguru,2 BHK,,1100,2,1,62
Super built-up  Area,18-Apr,Gunjur,2 BHK,BMineis,1140,2,3,43
Super built-up  Area,Ready To Move,Marathahalli,2 BHK,,1220,2,1,57
Plot  Area,Ready To Move,Devarachikkanahalli,8 Bedroom,,1350,7,0,85
Super built-up  Area,Ready To Move,Kanakpura Road,2 BHK,,1005,2,1,36.68
Plot  Area,Ready To Move,Double Road,3 Bedroom,,500,3,2,100
Super built-up  Area,20-Aug,Begur Road,2 BHK,Pruthg ,1358,2,1,80.58
Super built-up  Area,Ready To Move,Hegde Nagar,3 BHK,Sonosty,1569,3,1,101
Super built-up  Area,18-Apr,Haralur Road,2 BHK,SNnia E,1240,2,1,70
Super built-up  Area,Ready To Move,Hennur Road,3 BHK,Anavi B,2089,3,2,140
Super built-up  Area,Ready To Move,Kothannur,2 BHK,,1206,2,1,48.23
Super built-up  Area,Ready To Move,Kalena Agrahara,2 BHK,,1150,2,3,40
Built-up  Area,Ready To Move,Cholanayakanahalli,3 BHK,Viony H,2511,3,3,205
Built-up  Area,Ready To Move,Kaval Byrasandra,2 BHK,,460,1,0,22
Built-up  Area,Ready To Move,ISRO Layout,6 Bedroom,,4400,6,3,250
Super built-up  Area,Ready To Move,Kodanda Reddy Layout,3 BHK,AdentEl,1660,2,2,105
Super built-up  Area,19-Mar,Yelahanka,2 BHK,Niareum,1326,2,2,78
Super built-up  Area,Ready To Move,Garudachar Palya,3 BHK,,1325,2,2,60.8
Super built-up  Area,Ready To Move,EPIP Zone,3 BHK,SJlynro,1499,5,2,102
Built-up  Area,Ready To Move,Hegde Nagar,6 Bedroom,,3000,7,2,210
Super built-up  Area,Ready To Move,Kanakpura Road,3 BHK,,1665,3,2,88
Super built-up  Area,17-Sep,Dasanapura,2 BHK,Tavenew,708,2,2,37
Super built-up  Area,Ready To Move,Kasavanhalli,2 BHK,Srire S,1060,2,2,58.06
Plot  Area,Ready To Move,Rajaji Nagar,6 Bedroom,,710,6,3,160
Built-up  Area,Ready To Move,Sanjay nagar,2 BHK,Saenti ,1000,2,2,70
Super built-up  Area,18-Dec,Electronic City,2 BHK,,1000,2,1,28.88
Super built-up  Area,Ready To Move, Mysore Highway,3 BHK,,1450,2,2,70
Plot  Area,Ready To Move,ISRO Layout,4 Bedroom,,1200,4,2,155
Super built-up  Area,17-Aug,Thanisandra,2 BHK,Bhmesy ,1296,2,3,80
Super built-up  Area,Ready To Move,Domlur,3 BHK,,1540,3,2,90
Plot  Area,Ready To Move,Kengeri,4 Bedroom,Goardth,2894,4,1,245
Super built-up  Area,Ready To Move,Sarjapura - Attibele Road,3 BHK,,1330,2,1,48
Built-up  Area,Ready To Move,Devasthanagalu,2 BHK,,1200,2,1,65
Built-up  Area,Ready To Move,T Dasarahalli,3 Bedroom,,1200,3,1,90
Super built-up  Area,Ready To Move,Yeshwanthpur,3 BHK,IBityin,2502,3,3,138
Built-up  Area,Ready To Move,Chandapura,2 BHK,KHityry,650,1,1,17
Plot  Area,Ready To Move,Kothanur,3 Bedroom,BDensar,2400,2,1,150
Super built-up  Area,Ready To Move,Green View Layout,2 BHK,Makeser,1007,2,2,43
Super built-up  Area,Ready To Move,Shantiniketan Layout,2 BHK,Maest N,1200,2,2,50
Super built-up  Area,Ready To Move,Peenya,2 BHK,,966,2,2,49.9
Built-up  Area,Ready To Move,Nagarbhavi,3 BHK,,1630,2,1,98
Built-up  Area,Ready To Move,Rajaji Nagar,3 BHK,Brway G,1640,3,2,229
Built-up  Area,Ready To Move,Jalahalli West,2 BHK,,782,2,2,55.68
Super built-up  Area,19-Apr,Devanahalli,2 BHK,Oznuean,1260,2,2,66.78
Super built-up  Area,Ready To Move,Lakshmiamma Garden,3 BHK,,1800,3,3,120
Super built-up  Area,Ready To Move,Byatarayanapura,3 BHK,Reeroce,1413,2,2,75
Super built-up  Area,Ready To Move,Whitefield,2 BHK,Sonviik,1116,2,1,51.91
Super built-up  Area,Ready To Move,Electronic City,3 BHK,DSgmax ,1530,2,1,45.9
Built-up  Area,Ready To Move,Ramamurthy Nagar,4 Bedroom,,3700,4,1,225
Built-up  Area,Ready To Move,Sarjapur  Road,3 Bedroom,Cetattu,2497,3,2,140
Super built-up  Area,Ready To Move,Kengeri,3 BHK,Vaens G,1540,2,3,64
Super built-up  Area,18-Dec,Thanisandra,3 BHK,,1436,3,1,74.75
Super built-up  Area,18-Jun,Malleshwaram,2 BHK,,1100,2,2,75
Plot  Area,Ready To Move,Hennur Road,2 Bedroom,,276,3,3,23
Super built-up  Area,Ready To Move,Thanisandra,3 BHK,Moity S,1427,3,2,120
Super built-up  Area,Ready To Move,Akshaya Nagar,3 BHK,HiahsLa,2061,3,1,200
Built-up  Area,Ready To Move,Shampura,4 BHK,,2650,4,2,150
Super built-up  Area,22-Dec,Devanahalli,3 BHK,Sabixtt,1282,2,2,68.52
Built-up  Area,Ready To Move,Kadugodi,2 BHK,,1050,2,1,34
Built-up  Area,Ready To Move,LB Shastri Nagar,3 BHK,Sragei ,1600,3,2,65
Super built-up  Area,22-Jan,Vajarahalli,2 BHK,,945,2,1,54
Super built-up  Area,Ready To Move,Hormavu,2 BHK,SyidaCr,1500,2,1,78
Plot  Area,Ready To Move,Vishwapriya Layout,7 Bedroom,,950,7,0,115
Built-up  Area,Ready To Move,Peenya,3 BHK,Jahts H,1870,3,3,110
Plot  Area,Ready To Move,Sarjapur,3 Bedroom,Inensba,1600,3,1,75
Super built-up  Area,Ready To Move,Electronic City,2 BHK,Itelaa ,880,1,1,16.5
Plot  Area,Ready To Move,Ramaswamy Palya - Kammanahalli Main Road,4 Bedroom,,1200,4,0,210
Super built-up  Area,Ready To Move,Kudlu Gate,3 BHK,Srier P,1535,3,2,83
Built-up  Area,Ready To Move,Kanakpura Road,2 BHK,Wiowsri,950,2,1,57
Super built-up  Area,18-Aug,Devanahalli,2 BHK,Derdsig,1360,2,1,65
Super built-up  Area,18-May,Bommasandra Industrial Area,3 BHK,,1280,3,1,50.4
Super built-up  Area,19-Jan,Chandra Layout,3 BHK,TiaksAa,1260,2,2,85.05
Built-up  Area,Ready To Move,Hennur Road,8 Bedroom,,5000,8,,250
Super built-up  Area,19-Dec,Yelahanka,5 BHK,LedorSa,3050,5,1,213
Super built-up  Area,Ready To Move,Kasavanhalli,3 BHK,HMwerCo,1563.05,3,1,105
Super built-up  Area,Ready To Move,ISRO Layout,2 BHK,,1000,2,1,60
Super built-up  Area,17-Jul,Anandapura,2 BHK,ViensRK,1167,2,1,43.76
Super built-up  Area,Ready To Move,Vishveshwarya Layout,7 BHK,,4000,7,2,225
Super built-up  Area,Ready To Move,Kothanur,3 BHK,Somumys,1828,3,,110
Super built-up  Area,Ready To Move,Kengeri Satellite Town,2 BHK,HoiewLa,890,2,1,35
Super built-up  Area,Ready To Move,Basavanapura,3 BHK,Dwity T,1612,3,3,46.74
Plot  Area,Ready To Move,Dinnur,6 Bedroom,,1034,5,,185
Super built-up  Area,19-Apr,Mysore Road,3 BHK,Brama P,1710,4,2,91.31
Super built-up  Area,Ready To Move,Kannamangala,2 BHK,VBownre,957,2,1,58
Super built-up  Area,18-May, Devarachikkanahalli,3 BHK,,1250,2,3,44
Super built-up  Area,Ready To Move,Sanjeevini Nagar,3 BHK,Betatsi,2795,4,,235
Super built-up  Area,Ready To Move,Hulimavu,2 BHK,Prcan P,1125,2,2,50
Super built-up  Area,18-Jul,Electronic City Phase II,2 BHK,Sryalan,1020,2,1,30.6
Super built-up  Area,Ready To Move,Kalena Agrahara,2 BHK,,1200,2,2,50
Super built-up  Area,Ready To Move,Thanisandra,3 BHK,Soitya ,1735,3,3,135
Super built-up  Area,Ready To Move,Thanisandra,3 BHK,G conTh,2050,3,1,145
Plot  Area,Ready To Move,Mahalakshmi Layout,4 Bedroom,,3750,4,0,760
Built-up  Area,Ready To Move,Yarandahalli,3 BHK,,1350,2,3,48
Super built-up  Area,18-May,Hosa Road,2 BHK,SStusan,1063,2,1,32
Super built-up  Area,Ready To Move,Keshava Nagar,3 BHK,ETens G,1904,3,1,150
Built-up  Area,Ready To Move,Whitefield,4 Bedroom,,4200,4,2,420
Super built-up  Area,Ready To Move,RMV Extension,3 BHK,Hohnari,2000,3,1,175
Super built-up  Area,Ready To Move,Tejaswini Nagar,3 BHK,Naods W,1425,2,2,75
Super built-up  Area,Ready To Move,Electronic City,3 BHK,GMown E,1500,2,1,64.5
Built-up  Area,Ready To Move,Electronic City,2 BHK,GMown E,1060,2,1,60
Built-up  Area,Ready To Move,Jai Bheema Nagar,3 BHK,Sancyra,1470,2,2,70
Super built-up  Area,Ready To Move,Kothnur Narayanapura,6 BHK,,1300,6,0,99
Super built-up  Area,Ready To Move,Attibele,1 BHK,Jae 1hu,450,1,1,11
Super built-up  Area,18-Apr,Electronic City,2 BHK,Prarkun,1152,2,1,64.5
Super built-up  Area,Ready To Move,Electronic City,3 BHK,GMown E,1350,2,1,56
Super built-up  Area,Ready To Move,CV Raman Nagar,3 BHK,Srshq T,1550,3,3,65
Plot  Area,Ready To Move,CHIKKATIRUPATHI,3 Bedroom,,1500,3,2,100
Plot  Area,Ready To Move,Kumaraswami Layout,5 Bedroom,,600,3,2,85
Plot  Area,Ready To Move,Nagavara,1 Bedroom,,400,1,0,14
Super built-up  Area,Ready To Move,Malleshwaram,1 BHK,Utntspa,705,1,2,67
Built-up  Area,Ready To Move,Electronic City,2 BHK,GMown E,770,1,1,36
Super built-up  Area,Ready To Move,Hulimavu,2 BHK,Aniona ,1242,2,3,51
Super built-up  Area,Ready To Move,Hebbal Kempapura,3 BHK,Goateds,1700,3,2,155
Super built-up  Area,Ready To Move,Thanisandra,3 BHK,Soitya ,2144,3,2,145
Super built-up  Area,21-Jun,Vijayanagar,3 BHK,Saahaat,1704,3,2,110
Super built-up  Area,Ready To Move,Electronic City,2 BHK,GMown E,1070,2,1,52
Plot  Area,Ready To Move,8th block Koramangala,3 Bedroom,,1846,3,2,300
Super built-up  Area,Ready To Move,Jakkuru Layout,2 BHK,,1340,2,2,55.7
Built-up  Area,Ready To Move,Electronic City,2 BHK,GMown E,1025,2,1,46
Super built-up  Area,Ready To Move,Marathahalli,2 BHK,VRave E,1200,2,2,52
Built-up  Area,18-Dec,Kanakpura Road,4 Bedroom,,2250,4,1,110
Super built-up  Area,Ready To Move,Pattandur Agrahara,3 BHK,MaidoPl,1550,2,3,80
Plot  Area,Ready To Move,Bellandur,4 Bedroom,,1200,5,,325
Plot  Area,Ready To Move,Ejipura,7 Bedroom,,1800,7,1,250
Super built-up  Area,Ready To Move,Marathahalli,2 BHK,Aiitya ,1200,2,2,60
Super built-up  Area,Ready To Move,Yelahanka,2 BHK,PuziaVe,1327,2,2,98
Super built-up  Area,Ready To Move,Kothanur,2 BHK,,1186,2,2,58
Built-up  Area,Ready To Move,MS Pallya,3 Bedroom,,1783,3,1,115
Super built-up  Area,Ready To Move,HSR Layout,3 BHK,NRosete,1400,3,2,56
Super built-up  Area,Ready To Move,Nagasandra,2 BHK,,980,2,1,48
Super built-up  Area,Ready To Move,EPIP Zone,2 BHK,,1285,2,2,82
Super built-up  Area,Ready To Move,Langford Town,3 BHK,,912,2,1,70
Built-up  Area,Ready To Move,Whitefield,2 BHK,Sancya ,1225,2,2,47.6
Super built-up  Area,Ready To Move,Whitefield,2 BHK,,1075,2,1,53
Built-up  Area,Ready To Move,Kadugodi,3 BHK,MSingco,1260,2,2,54
Super built-up  Area,Ready To Move,Yelahanka,3 BHK,Pyikad ,1282,2,2,48.7
Super built-up  Area,Ready To Move,Kogilu,3 BHK,CaIRSCr,1909,3,2,88
Super built-up  Area,Ready To Move,Panathur,2 BHK,Prcesvy,1359,2,1,87
Built-up  Area,Ready To Move,Nagondanahalli,2 BHK,,1207,2,2,43.5
Plot  Area,Ready To Move,Padmanabhanagar,4 Bedroom,,1736,6,0,190
Super built-up  Area,20-May,1st Block Jayanagar,4 BHK,,2850,4,1,428
Super built-up  Area,Ready To Move,Kammasandra,3 BHK,Emstael,1595,3,2,65
Built-up  Area,18-Jun,"Off Sarjapur Road, ",3 BHK,,1798,3,2,89
Super built-up  Area,Ready To Move,Electronics City Phase 1,3 BHK,SNdri N,1475,3,2,78.29
Super built-up  Area,Ready To Move,Tala Cauvery Layout,3 BHK,HodhiSa,1580,3,3,100
Super built-up  Area,Ready To Move,Dasarahalli,2 BHK,Syonyph,1295,2,1,65
Built-up  Area,Ready To Move,Magadi Road,6 Bedroom,,3600,6,0,141
Super built-up  Area,Ready To Move,Electronic City,1 BHK,Itvir M,589,1,1,27
Super built-up  Area,Ready To Move,Ngef Layout,3 BHK,,1415,3,3,78
Super built-up  Area,18-Dec,Sarjapur  Road,3 BHK,Klark L,1787,3,2,98.29
Super built-up  Area,Ready To Move,Sarjapur  Road,3 BHK,Klark L,1787,3,2,125
Super built-up  Area,Ready To Move,Koramangala,3 BHK,Piityra,1475,2,3,90
Built-up  Area,Ready To Move,"Lakshminarayanapura, Electronic City Phase 2",4 BHK,,2000,4,1,75.5
Super built-up  Area,19-Mar,Sarjapur  Road,2 BHK,AsastDe,984,2,1,44.28
Super built-up  Area,Ready To Move,Bisuvanahalli,3 BHK,Prityel,1075,2,1,35
Super built-up  Area,Ready To Move,Hebbal,3 BHK,Mahosya,1760,2,2,123
Super built-up  Area,Ready To Move,Raja Rajeshwari Nagar,3 BHK,GrrvaGr,1693,3,3,57.39
Built-up  Area,Ready To Move,Kasturi Nagar,3 BHK,Kantsce,1925,3,,125
Super built-up  Area,21-Dec,Kanakpura Road,2 BHK,PrarePa,700,2,1,36
Super built-up  Area,Ready To Move,Electronics City Phase 1,2 BHK,,1070,2,1,45.5
Super built-up  Area,Ready To Move,Kundalahalli,3 BHK,Dieldli,1724,3,2,125
Super built-up  Area,Ready To Move,Chikkalasandra,3 BHK,,1290,2,2,56.12
Built-up  Area,Ready To Move,Uttarahalli,2 BHK,,1143,2,2,45
Built-up  Area,Ready To Move,Murugeshpalya,2 BHK,Gentson,1296,2,,81
Super built-up  Area,19-Dec,Sarjapur  Road,3 BHK,Soini T,1254,3,2,38
Super built-up  Area,Ready To Move,Ganga Nagar,1 BHK,Ceove G,600,1,0,38
Plot  Area,Ready To Move,Yelahanka,1 Bedroom,,660,1,0,48
Super built-up  Area,19-Sep,Kanakpura Road,2 BHK,Soazak ,1330.74,2,2,91.79
Plot  Area,Ready To Move,HSR Layout,8 Bedroom,,600,9,,200
Super built-up  Area,Ready To Move,Doddathoguru,2 BHK,LancyRe,970,2,0,33
Super built-up  Area,20-Sep,Whitefield,2 BHK,Goted U,1459,2,1,94.82
Plot  Area,Ready To Move,KR Puram,2 Bedroom,,800,1,1,130
Built-up  Area,Ready To Move,Himagiri Meadows,2 BHK,,869,2,1,36
Super built-up  Area,Ready To Move,Adarsh Nagar,2 BHK,Bhncyis,1270,2,1,50
Super built-up  Area,18-Mar,Bhoganhalli,3 BHK,Rosha I,1670,3,1,99
Built-up  Area,Ready To Move,Whitefield,3 BHK,Suent V,2010,3,2,91
Super built-up  Area,Ready To Move,Lakshminarayana Pura,2 BHK,RothaVa,1185,2,2,75
Super built-up  Area,Ready To Move,Yelahanka,3 BHK,NCowsar,1600,2,3,75
Super built-up  Area,Ready To Move,Begur Road,2 BHK,Dhalsh ,1200,2,2,44
Super built-up  Area,Ready To Move,Ramakrishnappa Layout,2 BHK,PeBayle,1500,2,2,185
Plot  Area,Ready To Move,Murugeshpalya,6 Bedroom,,1407,4,1,150
Super built-up  Area,Ready To Move,Govindaraja Nagar Ward,2 BHK,,840,2,2,45
Plot  Area,Ready To Move,Tharabanahalli,3 Bedroom,,4395,3,2,240
Super built-up  Area,Ready To Move,Ganga Nagar,2 BHK,Laavevi,845,2,1,55
Plot  Area,Ready To Move,Whitefield,4 Bedroom,Chranya,5700,5,3,650
Built-up  Area,Ready To Move,Varthur,2 BHK,HioraTr,1160,2,2,44
Built-up  Area,Ready To Move,Bommanahalli,8 Bedroom,,3000,8,0,140
Super built-up  Area,Ready To Move,Doddathoguru,2 BHK,,1100,2,1,62
Super built-up  Area,18-Apr,Gunjur,2 BHK,BMineis,1140,2,3,43
Super built-up  Area,Ready To Move,Marathahalli,2 BHK,,1220,2,1,57
Plot  Area,Ready To Move,Devarachikkanahalli,8 Bedroom,,1350,7,0,85
Super built-up  Area,Ready To Move,Kanakpura Road,2 BHK,,1005,2,1,36.68
Plot  Area,Ready To Move,Double Road,3 Bedroom,,500,3,2,100
Super built-up  Area,20-Aug,Begur Road,2 BHK,Pruthg ,1358,2,1,80.58
Super built-up  Area,Ready To Move,Hegde Nagar,3 BHK,Sonosty,1569,3,1,101
Super built-up  Area,18-Apr,Haralur Road,2 BHK,SNnia E,1240,2,1,70
Super built-up  Area,Ready To Move,Hennur Road,3 BHK,Anavi B,2089,3,2,140
Super built-up  Area,Ready To Move,Kothannur,2 BHK,,1206,2,1,48.23
Super built-up  Area,Ready To Move,Kalena Agrahara,2 BHK,,1150,2,3,40
Built-up  Area,Ready To Move,Cholanayakanahalli,3 BHK,Viony H,2511,3,3,205
Built-up  Area,Ready To Move,Kaval Byrasandra,2 BHK,,460,1,0,22
Built-up  Area,Ready To Move,ISRO Layout,6 Bedroom,,4400,6,3,250
Super built-up  Area,Ready To Move,Kodanda Reddy Layout,3 BHK,AdentEl,1660,2,2,105
Super built-up  Area,19-Mar,Yelahanka,2 BHK,Niareum,1326,2,2,78
Super built-up  Area,Ready To Move,Garudachar Palya,3 BHK,,1325,2,2,60.8
Super built-up  Area,Ready To Move,EPIP Zone,3 BHK,SJlynro,1499,5,2,102
Built-up  Area,Ready To Move,Hegde Nagar,6 Bedroom,,3000,7,2,210
Super built-up  Area,Ready To Move,Kanakpura Road,3 BHK,,1665,3,2,88
Super built-up  Area,17-Sep,Dasanapura,2 BHK,Tavenew,708,2,2,37
Super built-up  Area,Ready To Move,Kasavanhalli,2 BHK,Srire S,1060,2,2,58.06
Plot  Area,Ready To Move,Rajaji Nagar,6 Bedroom,,710,6,3,160
Built-up  Area,Ready To Move,Sanjay nagar,2 BHK,Saenti ,1000,2,2,70
Super built-up  Area,18-Dec,Electronic City,2 BHK,,1000,2,1,28.88
Super built-up  Area,Ready To Move, Mysore Highway,3 BHK,,1450,2,2,70
Plot  Area,Ready To Move,ISRO Layout,4 Bedroom,,1200,4,2,155
Super built-up  Area,17-Aug,Thanisandra,2 BHK,Bhmesy ,1296,2,3,80
Super built-up  Area,Ready To Move,Domlur,3 BHK,,1540,3,2,90
Plot  Area,Ready To Move,Kengeri,4 Bedroom,Goardth,2894,4,1,245
Super built-up  Area,Ready To Move,Sarjapura - Attibele Road,3 BHK,,1330,2,1,48
Built-up  Area,Ready To Move,Devasthanagalu,2 BHK,,1200,2,1,65
Built-up  Area,Ready To Move,T Dasarahalli,3 Bedroom,,1200,3,1,90
Super built-up  Area,Ready To Move,Yeshwanthpur,3 BHK,IBityin,2502,3,3,138
Built-up  Area,Ready To Move,Chandapura,2 BHK,KHityry,650,1,1,17
Plot  Area,Ready To Move,Kothanur,3 Bedroom,BDensar,2400,2,1,150
Super built-up  Area,Ready To Move,Green View Layout,2 BHK,Makeser,1007,2,2,43
Super built-up  Area,Ready To Move,Shantiniketan Layout,2 BHK,Maest N,1200,2,2,50
Super built-up  Area,Ready To Move,Peenya,2 BHK,,966,2,2,49.9
Built-up  Area,Ready To Move,Nagarbhavi,3 BHK,,1630,2,1,98
Built-up  Area,Ready To Move,Rajaji Nagar,3 BHK,Brway G,1640,3,2,229
Built-up  Area,Ready To Move,Jalahalli West,2 BHK,,782,2,2,55.68
Super built-up  Area,19-Apr,Devanahalli,2 BHK,Oznuean,1260,2,2,66.78
Super built-up  Area,Ready To Move,Lakshmiamma Garden,3 BHK,,1800,3,3,120
Super built-up  Area,Ready To Move,Byatarayanapura,3 BHK,Reeroce,1413,2,2,75
Super built-up  Area,Ready To Move,Whitefield,2 BHK,Sonviik,1116,2,1,51.91
Super built-up  Area,Ready To Move,Electronic City,3 BHK,DSgmax ,1530,2,1,45.9
Built-up  Area,Ready To Move,Ramamurthy Nagar,4 Bedroom,,3700,4,1,225
Built-up  Area,Ready To Move,Sarjapur  Road,3 Bedroom,Cetattu,2497,3,2,140
Super built-up  Area,Ready To Move,Kengeri,3 BHK,Vaens G,1540,2,3,64
Super built-up  Area,18-Dec,Thanisandra,3 BHK,,1436,3,1,74.75
Super built-up  Area,18-Jun,Malleshwaram,2 BHK,,1100,2,2,75
Plot  Area,Ready To Move,Hennur Road,2 Bedroom,,276,3,3,23
Super built-up  Area,Ready To Move,Thanisandra,3 BHK,Moity S,1427,3,2,120
Super built-up  Area,Ready To Move,Akshaya Nagar,3 BHK,HiahsLa,2061,3,1,200
Built-up  Area,Ready To Move,Shampura,4 BHK,,2650,4,2,150
Super built-up  Area,22-Dec,Devanahalli,3 BHK,Sabixtt,1282,2,2,68.52
Built-up  Area,Ready To Move,Kadugodi,2 BHK,,1050,2,1,34
Built-up  Area,Ready To Move,LB Shastri Nagar,3 BHK,Sragei ,1600,3,2,65
Super built-up  Area,22-Jan,Vajarahalli,2 BHK,,945,2,1,54
Super built-up  Area,Ready To Move,Hormavu,2 BHK,SyidaCr,1500,2,1,78
Plot  Area,Ready To Move,Vishwapriya Layout,7 Bedroom,,950,7,0,115
Built-up  Area,Ready To Move,Peenya,3 BHK,Jahts H,1870,3,3,110
Plot  Area,Ready To Move,Sarjapur,3 Bedroom,Inensba,1600,3,1,75
Super built-up  Area,Ready To Move,Electronic City,2 BHK,Itelaa ,880,1,1,16.5
Plot  Area,Ready To Move,Ramaswamy Palya - Kammanahalli Main Road,4 Bedroom,,1200,4,0,210
Super built-up  Area,Ready To Move,Kudlu Gate,3 BHK,Srier P,1535,3,2,83
Built-up  Area,Ready To Move,Kanakpura Road,2 BHK,Wiowsri,950,2,1,57
Super built-up  Area,18-Aug,Devanahalli,2 BHK,Derdsig,1360,2,1,65
Super built-up  Area,18-May,Bommasandra Industrial Area,3 BHK,,1280,3,1,50.4
Super built-up  Area,19-Jan,Chandra Layout,3 BHK,TiaksAa,1260,2,2,85.05
Built-up  Area,Ready To Move,Hennur Road,8 Bedroom,,5000,8,,250
Super built-up  Area,19-Dec,Yelahanka,5 BHK,LedorSa,3050,5,1,213
Super built-up  Area,Ready To Move,Kasavanhalli,3 BHK,HMwerCo,1563.05,3,1,105
Super built-up  Area,Ready To Move,ISRO Layout,2 BHK,,1000,2,1,60
Super built-up  Area,17-Jul,Anandapura,2 BHK,ViensRK,1167,2,1,43.76
Super built-up  Area,Ready To Move,Vishveshwarya Layout,7 BHK,,4000,7,2,225
Super built-up  Area,Ready To Move,Kothanur,3 BHK,Somumys,1828,3,,110
Super built-up  Area,Ready To Move,Kengeri Satellite Town,2 BHK,HoiewLa,890,2,1,35
Super built-up  Area,Ready To Move,Basavanapura,3 BHK,Dwity T,1612,3,3,46.74
Plot  Area,Ready To Move,Dinnur,6 Bedroom,,1034,5,,185
Super built-up  Area,19-Apr,Mysore Road,3 BHK,Brama P,1710,4,2,91.31
Super built-up  Area,Ready To Move,Kannamangala,2 BHK,VBownre,957,2,1,58
Super built-up  Area,18-May, Devarachikkanahalli,3 BHK,,1250,2,3,44
Super built-up  Area,Ready To Move,Sanjeevini Nagar,3 BHK,Betatsi,2795,4,,235
Super built-up  Area,Ready To Move,Hulimavu,2 BHK,Prcan P,1125,2,2,50
Super built-up  Area,18-Jul,Electronic City Phase II,2 BHK,Sryalan,1020,2,1,30.6
Super built-up  Area,Ready To Move,Kalena Agrahara,2 BHK,,1200,2,2,50
Super built-up  Area,Ready To Move,Thanisandra,3 BHK,Soitya ,1735,3,3,135
Super built-up  Area,Ready To Move,Thanisandra,3 BHK,G conTh,2050,3,1,145
Plot  Area,Ready To Move,Mahalakshmi Layout,4 Bedroom,,3750,4,0,760
Built-up  Area,Ready To Move,Yarandahalli,3 BHK,,1350,2,3,48
Super built-up  Area,18-May,Hosa Road,2 BHK,SStusan,1063,2,1,32
Super built-up  Area,Ready To Move,Keshava Nagar,3 BHK,ETens G,1904,3,1,150
Built-up  Area,Ready To Move,Whitefield,4 Bedroom,,4200,4,2,420
Super built-up  Area,Ready To Move,RMV Extension,3 BHK,Hohnari,2000,3,1,175
Super built-up  Area,Ready To Move,Tejaswini Nagar,3 BHK,Naods W,1425,2,2,75
Super built-up  Area,Ready To Move,Electronic City,3 BHK,GMown E,1500,2,1,64.5
Built-up  Area,Ready To Move,Electronic City,2 BHK,GMown E,1060,2,1,60
Built-up  Area,Ready To Move,Jai Bheema Nagar,3 BHK,Sancyra,1470,2,2,70
Super built-up  Area,Ready To Move,Kothnur Narayanapura,6 BHK,,1300,6,0,99
Super built-up  Area,Ready To Move,Attibele,1 BHK,Jae 1hu,450,1,1,11
Super built-up  Area,18-Apr,Electronic City,2 BHK,Prarkun,1152,2,1,64.5
Super built-up  Area,Ready To Move,Electronic City,3 BHK,GMown E,1350,2,1,56
Super built-up  Area,Ready To Move,CV Raman Nagar,3 BHK,Srshq T,1550,3,3,65
Plot  Area,Ready To Move,CHIKKATIRUPATHI,3 Bedroom,,1500,3,2,100
Plot  Area,Ready To Move,Kumaraswami Layout,5 Bedroom,,600,3,2,85
Plot  Area,Ready To Move,Nagavara,1 Bedroom,,400,1,0,14
Super built-up  Area,Ready To Move,Malleshwaram,1 BHK,Utntspa,705,1,2,67
Built-up  Area,Ready To Move,Electronic City,2 BHK,GMown E,770,1,1,36
Super built-up  Area,Ready To Move,Hulimavu,2 BHK,Aniona ,1242,2,3,51
Super built-up  Area,Ready To Move,Hebbal Kempapura,3 BHK,Goateds,1700,3,2,155
Super built-up  Area,Ready To Move,Thanisandra,3 BHK,Soitya ,2144,3,2,145
Super built-up  Area,21-Jun,Vijayanagar,3 BHK,Saahaat,1704,3,2,110
Super built-up  Area,Ready To Move,Electronic City,2 BHK,GMown E,1070,2,1,52
Plot  Area,Ready To Move,8th block Koramangala,3 Bedroom,,1846,3,2,300
Super built-up  Area,Ready To Move,Jakkuru Layout,2 BHK,,1340,2,2,55.7
Built-up  Area,Ready To Move,Electronic City,2 BHK,GMown E,1025,2,1,46
Super built-up  Area,Ready To Move,Marathahalli,2 BHK,VRave E,1200,2,2,52
Built-up  Area,18-Dec,Kanakpura Road,4 Bedroom,,2250,4,1,110
Super built-up  Area,Ready To Move,Pattandur Agrahara,3 BHK,MaidoPl,1550,2,3,80
Plot  Area,Ready To Move,Bellandur,4 Bedroom,,1200,5,,325
Plot  Area,Ready To Move,Ejipura,7 Bedroom,,1800,7,1,250
Super built-up  Area,Ready To Move,Marathahalli,2 BHK,Aiitya ,1200,2,2,60
Super built-up  Area,Ready To Move,Yelahanka,2 BHK,PuziaVe,1327,2,2,98
Super built-up  Area,Ready To Move,Kothanur,2 BHK,,1186,2,2,58
Built-up  Area,Ready To Move,MS Pallya,3 Bedroom,,1783,3,1,115
Super built-up  Area,Ready To Move,HSR Layout,3 BHK,NRosete,1400,3,2,56
Super built-up  Area,Ready To Move,Nagasandra,2 BHK,,980,2,1,48
Super built-up  Area,Ready To Move,EPIP Zone,2 BHK,,1285,2,2,82
Super built-up  Area,Ready To Move,Langford Town,3 BHK,,912,2,1,70
Built-up  Area,Ready To Move,Whitefield,2 BHK,Sancya ,1225,2,2,47.6
Super built-up  Area,Ready To Move,Whitefield,2 BHK,,1075,2,1,53
Built-up  Area,Ready To Move,Kadugodi,3 BHK,MSingco,1260,2,2,54
Super built-up  Area,Ready To Move,Yelahanka,3 BHK,Pyikad ,1282,2,2,48.7
Super built-up  Area,Ready To Move,Kogilu,3 BHK,CaIRSCr,1909,3,2,88
Super built-up  Area,Ready To Move,Panathur,2 BHK,Prcesvy,1359,2,1,87
Built-up  Area,Ready To Move,Nagondanahalli,2 BHK,,1207,2,2,43.5
Plot  Area,Ready To Move,Padmanabhanagar,4 Bedroom,,1736,6,0,190
Super built-up  Area,20-May,1st Block Jayanagar,4 BHK,,2850,4,1,428
Super built-up  Area,Ready To Move,Kammasandra,3 BHK,Emstael,1595,3,2,65
Built-up  Area,18-Jun,"Off Sarjapur Road, ",3 BHK,,1798,3,2,89
Super built-up  Area,Ready To Move,Electronics City Phase 1,3 BHK,SNdri N,1475,3,2,78.29
Super built-up  Area,Ready To Move,Tala Cauvery Layout,3 BHK,HodhiSa,1580,3,3,100
Super built-up  Area,Ready To Move,Dasarahalli,2 BHK,Syonyph,1295,2,1,65
Built-up  Area,Ready To Move,Magadi Road,6 Bedroom,,3600,6,0,141
Super built-up  Area,Ready To Move,Electronic City,1 BHK,Itvir M,589,1,1,27
Super built-up  Area,Ready To Move,Ngef Layout,3 BHK,,1415,3,3,78
Super built-up  Area,18-Dec,Sarjapur  Road,3 BHK,Klark L,1787,3,2,98.29
Super built-up  Area,Ready To Move,Sarjapur  Road,3 BHK,Klark L,1787,3,2,125
Super built-up  Area,Ready To Move,Koramangala,3 BHK,Piityra,1475,2,3,90
Built-up  Area,Ready To Move,"Lakshminarayanapura, Electronic City Phase 2",4 BHK,,2000,4,1,75.5
Super built-up  Area,19-Mar,Sarjapur  Road,2 BHK,AsastDe,984,2,1,44.28
